game,t,inning,half,group,event,rbi,scoring,run_delta,pre,imm_c,drift_c,tot_imm_c,tot_drift_c,vol_3min,vol_ratio,spread_c
DETNYY,1782861169.25,1,top,strikeout,strikeout,0,False,0.0,0.5,-3.0000000000000027,21.999999999999996,0.0,11.000000000000002,12244.21,3.6496171306107725,1.3333333333333328
DETNYY,1782861250.327,1,top,out_in_play,field_out,0,False,0.0,0.47,16.000000000000004,7.9999999999999964,7.000000000000001,4.000000000000001,121741.4,36.287314489423025,1.3333333333333328
DETNYY,1782861323.848,1,top,home_run,home_run,1,True,1.0,0.47,21.000000000000007,2.9999999999999916,7.999999999999999,3.0000000000000027,133045.21,39.656627709072914,0.9999999999999972
DETNYY,1782861441.856,1,top,home_run,home_run,1,True,1.0,0.63,5.999999999999995,17.000000000000004,4.000000000000001,18.0,20759.160000000003,6.187658162763457,0.9999999999999934
DETNYY,1782861577.58,1,top,single,single,0,False,0.0,0.69,2.0000000000000018,15.000000000000002,3.0000000000000027,20.999999999999996,5435.27,1.6200844727013681,1.0000000000000009
DETNYY,1782861882.198,1,top,home_run,home_run,2,True,2.0,0.71,15.000000000000002,2.0000000000000018,20.999999999999996,-7.9999999999999964,21972.16,6.549215631920785,1.0000000000000009
DETNYY,1782862041.337,1,top,out_in_play,field_out,0,False,0.0,0.86,0.0,-2.0000000000000018,-2.9999999999999973,6.0,6815.41,2.031461163124119,1.0000000000000009
DETNYY,1782862241.595,1,bottom,out_in_play,field_out,0,False,0.0,0.86,5.999999999999995,-2.9999999999999916,6.0,-1.0000000000000009,13582.880000000001,4.048632907393001,1.0000000000000009
DETNYY,1782862283.685,1,bottom,out_in_play,field_out,0,False,0.0,0.86,3.0000000000000027,-0.0,8.000000000000002,-4.0000000000000036,15829.12,4.718166996032704,1.0000000000000009
DETNYY,1782862379.95,1,bottom,home_run,home_run,1,True,1.0,0.88,4.0000000000000036,1.0000000000000009,10.999999999999998,-3.0000000000000027,14691.170000000002,4.378979591228432,1.0000000000000009
DETNYY,1782862433.572,1,bottom,out_in_play,field_out,0,False,0.0,0.8,-2.9999999999999916,1.0000000000000009,-1.0000000000000009,-3.9999999999999982,8339.35,2.4857001487363375,1.0000000000000009
DETNYY,1782862694.361,2,top,strikeout,strikeout,0,False,0.0,0.83,-1.0000000000000009,0.0,-3.9999999999999982,-2.0000000000000018,4825.33,1.438280381408852,0.9999999999999972
DETNYY,1782862830.426,2,top,strikeout,strikeout,0,False,0.0,0.83,-1.9999999999999907,0.9999999999999898,-2.9999999999999973,-2.0000000000000018,4252.549999999999,1.2675525271764239,0.9999999999999972
DETNYY,1782862891.523,2,top,out_in_play,field_out,0,False,0.0,0.82,-1.9999999999999907,3.9999999999999925,-1.0000000000000009,-3.0000000000000027,6414.71,1.9120249900892121,1.0000000000000009
DETNYY,1782863116.255,2,bottom,strikeout,strikeout,0,False,0.0,0.81,-0.9999999999999898,-9.000000000000007,-1.0000000000000009,14.999999999999996,10660.54,3.177574494847881,0.9999999999999934
DETNYY,1782863235.539,2,bottom,strikeout,strikeout,0,False,0.0,0.82,-2.0000000000000018,-7.000000000000006,-2.0000000000000018,19.0,3769.29,1.1235077930090942,1.0000000000000009
DETNYY,1782863284.14,2,bottom,out_in_play,field_out,0,False,0.0,0.82,-4.0000000000000036,-6.000000000000005,1.0000000000000009,14.999999999999996,4964.38,1.4797268497405311,1.0000000000000009
DETNYY,1782863454.474,3,top,single,single,0,False,0.0,0.84,7.000000000000006,1.0000000000000009,17.0,1.0000000000000009,6547.27,1.9515369918299341,1.0000000000000009
DETNYY,1782863509.868,3,top,out_in_play,field_out,0,False,0.0,0.86,7.000000000000006,-1.0000000000000009,18.0,-4.0000000000000036,8210.39,2.4472611947194127,1.3333333333333308
DETNYY,1782863577.826,3,top,home_run,home_run,2,True,2.0,0.86,5.000000000000004,1.0000000000000009,14.999999999999996,-2.0000000000000018,12218.650000000001,3.641998491771811,1.3333333333333308
DETNYY,1782863689.238,3,top,strikeout,strikeout,0,False,0.0,0.93,-1.0000000000000009,1.0000000000000009,-2.0000000000000018,-3.0000000000000027,9181.6,2.736748605783131,1.0000000000000009
DETNYY,1782863759.169,3,top,strikeout,strikeout,0,False,0.0,0.91,1.0000000000000009,0.0,-1.0000000000000009,-1.0000000000000009,26458.36,7.8864119370597905,1.0000000000000009
DETNYY,1782864060.727,3,bottom,out_in_play,field_out,0,False,0.0,0.92,-0.0,-1.0000000000000009,-1.9999999999999907,-3.0000000000000027,2086.94,0.6220517268616633,0.9999999999999972
DETNYY,1782864191.364,3,bottom,strikeout,strikeout,0,False,0.0,0.92,-1.9999999999999907,-0.0,-1.9999999999999907,0.0,24675.690000000002,7.3550536076758695,0.9999999999999898
DETNYY,1782864287.934,3,bottom,strikeout,strikeout,0,False,0.0,0.92,-1.9999999999999907,-0.0,0.0,1.9999999999999907,27566.51,8.216716891261516,0.9999999999999898
DETNYY,1782864451.455,4,top,out_in_play,field_out,0,False,0.0,0.94,0.0,-0.9999999999999898,-1.0000000000000009,-3.0000000000000027,7764.66,2.3144029830726724,1.3333333333333273
DETNYY,1782864646.231,4,top,walk_hbp,walk,0,False,0.0,0.94,-0.9999999999999898,0.0,-1.0000000000000009,-3.0000000000000027,7722.34,2.3017887109418083,0.9999999999999934
DETNYY,1782864765.761,4,top,out_in_play,field_out,0,False,0.0,0.94,-0.9999999999999898,1.9999999999999907,-5.999999999999995,-5.000000000000004,5305.73,1.581472638773387,1.3333333333333344
DETNYY,1782864841.633,4,top,out_in_play,field_out,0,False,0.0,0.93,0.0,0.0,-3.0000000000000027,-4.0000000000000036,2857.96,0.8518687424178747,1.0000000000000009
DETNYY,1782865064.038,4,bottom,strikeout,strikeout,0,False,0.0,0.93,-1.9999999999999907,1.0000000000000009,-5.000000000000004,1.0000000000000009,3518.94,1.048886265883342,1.3333333333333233
DETNYY,1782865150.535,4,bottom,strikeout,strikeout,0,False,0.0,0.93,-0.0,-1.9999999999999907,-2.0000000000000018,7.000000000000006,1865.95,0.5561815000611041,1.9999999999999907
DETNYY,1782865344.295,4,bottom,strikeout,strikeout,0,False,0.0,0.93,-0.9999999999999898,-1.0000000000000009,0.0,2.0000000000000018,1880.7799999999997,0.5606018605455255,1.0000000000000009
DETNYY,1782865563.008,5,top,xbh,double,0,False,0.0,0.95,1.0000000000000009,-2.0000000000000018,9.000000000000002,-14.000000000000007,5970.02,1.7794767700071241,1.0000000000000009
DETNYY,1782865756.251,5,top,out_in_play,field_out,0,False,0.0,0.96,-2.0000000000000018,1.0000000000000009,-11.000000000000004,-4.999999999999999,1918.0,0.5716959817343432,1.3333333333333273
DETNYY,1782865807.046,5,top,out_in_play,field_out,0,False,0.0,0.95,-1.0000000000000009,1.0000000000000009,-6.0,-7.000000000000001,770.88,0.2297752859225081,0.9999999999999898
DETNYY,1782865949.0,5,top,out_in_play,field_out,0,False,0.0,0.94,0.0,1.0000000000000009,-3.0000000000000027,-6.0,2131.9500000000003,0.635467804097254,0.9999999999999898
DETNYY,1782866124.258,5,bottom,out_in_play,field_out,0,False,0.0,0.94,-1.0000000000000009,-1.0000000000000009,-3.9999999999999982,2.0000000000000018,1258.32,0.3750659477246917,1.3333333333333308
DETNYY,1782866257.994,5,bottom,strikeout,strikeout,0,False,0.0,0.95,-0.0,-2.0000000000000018,-4.0000000000000036,44.00000000000001,14509.92,4.324954619023348,1.3333333333333308
DETNYY,1782866335.621,5,bottom,strikeout,strikeout,0,False,0.0,0.95,-0.0,-4.0000000000000036,-2.0000000000000018,43.00000000000001,14198.07,4.232001859949388,1.0000000000000009
DETNYY,1782866534.723,6,top,single,single,0,False,0.0,0.96,1.0000000000000009,1.0000000000000009,44.00000000000001,-2.0000000000000018,6559.3,1.9551227596402907,1.0000000000000009
DETNYY,1782866596.227,6,top,out_in_play,fielders_choice,0,False,0.0,0.96,3.0000000000000027,-1.0000000000000009,39.0,-3.0000000000000027,11222.5,3.345077244532673,1.0000000000000009
DETNYY,1782866654.58,6,top,home_run,home_run,3,True,3.0,0.97,1.0000000000000009,0.0,-1.0000000000000009,-2.0000000000000018,12812.75,3.8190811730796175,1.0000000000000009
DETNYY,1782866727.765,6,top,out_in_play,field_out,0,False,0.0,0.97,2.0000000000000018,0.0,-2.0000000000000018,-2.0000000000000018,13196.16,3.9333637363521743,1.0000000000000009
DETNYY,1782866870.747,6,top,out_in_play,field_out,0,False,0.0,0.98,0.0,0.0,0.0,8.999999999999996,57740.39,17.210609461300237,1.0000000000000009
DETNYY,1782866915.652,6,top,out_in_play,field_out,0,False,0.0,0.99,-1.0000000000000009,0.0,-2.0000000000000018,14.000000000000002,53221.57,15.863690151508377,1.0000000000000009
DETNYY,1782867110.237,6,bottom,walk_hbp,hit_by_pitch,0,False,0.0,0.98,-1.0000000000000009,1.0000000000000009,10.999999999999998,-4.0000000000000036,13333.130000000001,3.9741902215545486,1.0000000000000009
DETNYY,1782867212.128,6,bottom,out_in_play,fielders_choice,0,False,0.0,0.99,1.0000000000000009,-0.0,14.000000000000002,-5.000000000000004,61916.61,18.45541039604403,1.0000000000000009
DETNYY,1782867316.945,6,bottom,out_in_play,grounded_into_double_play,0,True,1.0,0.98,-0.0,-0.0,-1.0000000000000009,-3.0000000000000027,9477.85,2.8250514913873017,1.0000000000000009
DETNYY,1782867445.554,6,bottom,out_in_play,field_out,0,False,0.0,0.99,-0.0,1.0000000000000009,-1.0000000000000009,-3.9999999999999925,8854.38,2.63921452906618,1.0000000000000009
DETNYY,1782867715.853,7,top,strikeout,strikeout,0,False,0.0,0.98,0.0,1.0000000000000009,-2.0000000000000018,-3.9999999999999925,782.37,0.23320009657429516,1.666666666666668
DETNYY,1782867795.217,7,top,strikeout,strikeout,0,False,0.0,0.98,0.0,0.0,-1.9999999999999907,-4.0000000000000036,1168.08,0.348168218114834,1.666666666666668
DETNYY,1782867847.038,7,top,out_in_play,field_out,0,False,0.0,0.98,0.0,0.0,-1.9999999999999907,-4.0000000000000036,1189.4399999999998,0.35453496794269923,1.3333333333333344
DETNYY,1782868216.194,7,bottom,strikeout,strikeout,0,False,0.0,0.98,-1.0000000000000009,-0.0,-2.0000000000000018,-8.999999999999996,846.03,0.25217515715678124,1.3333333333333344
DETNYY,1782868319.807,7,bottom,single,single,0,False,0.0,0.98,-0.0,-1.0000000000000009,0.0,-7.000000000000006,2056.83,0.6130768749273457,1.3333333333333344
DETNYY,1782868470.705,7,bottom,out_in_play,force_out,0,False,0.0,0.98,-1.0000000000000009,1.0000000000000009,-2.0000000000000018,-12.0,2811.9,0.8381396929295097,1.0000000000000009
DETNYY,1782868594.67,7,bottom,out_in_play,force_out,0,False,0.0,0.99,-0.0,-0.0,-5.000000000000004,-8.999999999999996,1781.52,0.5310155502499307,1.0000000000000009
DETNYY,1782868818.009,8,top,strikeout,strikeout,0,False,0.0,0.99,0.0,0.0,-8.999999999999996,-8.999999999999996,129.02,0.03845683814565431,1.0000000000000009
DETNYY,1782868839.35,8,top,out_in_play,field_out,0,False,0.0,0.99,0.0,0.0,-8.999999999999996,-8.999999999999996,129.02,0.03845683814565431,1.0000000000000009
DETNYY,1782868940.885,8,top,out_in_play,field_out,0,False,0.0,0.98,1.0000000000000009,0.0,-2.0000000000000018,-13.0,195.94000000000003,0.05840360305580147,1.0000000000000009
DETNYY,1782869202.96,8,bottom,strikeout,strikeout,0,False,0.0,0.99,-0.0,-0.0,-7.9999999999999964,6.000000000000005,986.72,0.2941104583404125,1.0000000000000009
DETNYY,1782869275.163,8,bottom,out_in_play,field_out,0,False,0.0,0.99,-0.0,-0.0,-8.000000000000007,18.000000000000004,1412.37,0.4209834482388604,1.0000000000000009
DETNYY,1782869435.706,8,bottom,out_in_play,field_out,0,False,0.0,0.99,-0.0,-0.0,0.0,-18.999999999999993,528.98,0.15767244025955834,1.0000000000000009
DETNYY,1782869644.89,9,top,single,single,0,False,0.0,0.99,0.0,0.0,-27.000000000000007,-3.9999999999999982,16686.53,4.973734176271934,1.0000000000000009
DETNYY,1782869695.374,9,top,single,single,0,False,0.0,0.99,0.0,0.0,-27.000000000000007,-3.9999999999999982,16686.53,4.973734176271934,1.0000000000000009
DETNYY,1782869746.171,9,top,out_in_play,field_out,0,False,0.0,0.99,0.0,0.0,-37.0,-16.000000000000004,18631.93,5.553597243459626,1.0000000000000009
DETNYY,1782869781.399,9,top,out_in_play,grounded_into_double_play,0,False,0.0,0.99,0.0,0.0,-53.0,70.0,2379.88,0.7093680046975646,1.0000000000000009
DETNYY,1782869986.137,9,bottom,out_in_play,field_out,0,False,0.0,0.99,-0.0,-0.0,-3.9999999999999982,74.0,170.64,0.05086246210800225,1.0000000000000009
DETNYY,1782870080.907,9,bottom,walk_hbp,walk,0,False,0.0,0.99,-0.0,-0.0,80.0,0.0,8168.16,2.434673748781644,1.0000000000000009
DETNYY,1782870133.626,9,bottom,out_in_play,field_out,0,False,0.0,0.99,-0.0,-0.0,74.0,0.0,8190.32,2.441278953659242,1.0000000000000009
DETNYY,1782870195.875,9,bottom,single,single,1,True,1.0,0.99,-0.0,-0.0,87.0,0.0,8190.32,2.441278953659242,1.0000000000000009
DETNYY,1782870359.601,9,bottom,single,single,0,False,0.0,0.99,-0.0,-0.0,0.0,0.0,2272.75,0.6774358928502234,1.0000000000000009
DETNYY,1782870553.461,9,bottom,out_in_play,field_out,0,False,0.0,0.99,-0.0,-0.0,0.0,0.0,82.14,0.024483372231313322,1.0000000000000009
PITPHI,1782859448.769,1,top,strikeout,strikeout,0,False,0.0,0.67,-3.9999999999999925,3.9999999999999925,-4.0000000000000036,-1.9999999999999962,84108.29999999999,14.319840641520035,0.9999999999999972
PITPHI,1782859486.173,1,top,out_in_play,field_out,0,False,0.0,0.67,-3.9999999999999925,3.9999999999999925,-4.0000000000000036,-1.9999999999999962,84108.29999999999,14.319840641520035,0.9999999999999972
PITPHI,1782859609.852,1,top,strikeout,strikeout,0,False,0.0,0.69,-2.0000000000000018,4.999999999999993,-5.000000000000004,-2.9999999999999973,22547.760000000002,3.838864060065889,1.0000000000000009
PITPHI,1782859815.048,1,bottom,out_in_play,field_out,0,False,0.0,0.71,-4.999999999999993,2.9999999999999916,-2.9999999999999973,-4.999999999999999,9976.0,1.698461748005891,1.0000000000000009
PITPHI,1782859910.837,1,bottom,out_in_play,field_out,0,False,0.0,0.71,-4.999999999999993,2.9999999999999916,-3.9999999999999982,-4.999999999999999,13268.68,2.259056277719608,1.0000000000000009
PITPHI,1782859944.22,1,bottom,out_in_play,field_out,0,False,0.0,0.67,-1.0000000000000009,2.9999999999999916,-3.0000000000000027,-3.9999999999999982,15701.36,2.67323169122592,1.0000000000000009
PITPHI,1782860143.646,2,top,strikeout,strikeout,0,False,0.0,0.66,-2.9999999999999916,-1.0000000000000009,-3.9999999999999982,0.0,9704.06,1.6521626614228193,0.9999999999999972
PITPHI,1782860238.145,2,top,strikeout,strikeout,0,False,0.0,0.68,-0.9999999999999898,2.9999999999999916,-1.9999999999999962,-4.0000000000000036,13071.22,2.2254377676192423,0.9999999999999898
PITPHI,1782860459.523,2,top,strikeout,strikeout,0,False,0.0,0.69,-1.0000000000000009,1.0000000000000009,0.0,-2.0000000000000018,15091.25,2.5693575435639437,1.3333333333333308
PITPHI,1782860670.047,2,bottom,strikeout,strikeout,0,False,0.0,0.69,1.0000000000000009,-1.0000000000000009,0.0,1.0000000000000009,3593.29,0.611774821019656,1.3333333333333308
PITPHI,1782860775.669,2,bottom,single,single,0,False,0.0,0.67,1.0000000000000009,13.99999999999999,2.0000000000000018,14.000000000000002,5632.57,0.9589720016003951,1.666666666666657
PITPHI,1782860886.286,2,bottom,out_in_play,field_out,0,False,0.0,0.69,-0.9999999999999898,14.999999999999991,1.0000000000000009,10.999999999999998,18662.620000000003,3.1774003796681742,1.6666666666666607
PITPHI,1782860926.12,2,bottom,walk_hbp,hit_by_pitch,0,False,0.0,0.69,-0.9999999999999898,14.999999999999991,1.0000000000000009,10.999999999999998,18662.620000000003,3.1774003796681742,1.6666666666666607
PITPHI,1782860999.472,2,bottom,single,single,0,False,0.0,0.68,0.9999999999999898,14.000000000000002,1.0000000000000009,10.999999999999998,17462.71,2.973109959053724,1.6666666666666607
PITPHI,1782861179.657,2,bottom,single,single,2,True,2.0,0.69,12.00000000000001,1.9999999999999907,12.0,-3.0000000000000027,68924.12,11.734661320666378,1.3333333333333273
PITPHI,1782861219.807,2,bottom,out_in_play,field_out,0,False,0.0,0.76,6.999999999999995,2.0000000000000018,-1.0000000000000009,-2.9999999999999973,67542.58,11.499447523218498,0.9999999999999934
PITPHI,1782861483.434,3,top,walk_hbp,walk,0,False,0.0,0.83,-2.0000000000000018,-0.0,-3.9999999999999982,-6.0,52388.35,8.919367333214156,1.0000000000000009
PITPHI,1782861519.648,3,top,out_in_play,field_out,0,False,0.0,0.83,-2.0000000000000018,-0.0,-3.9999999999999982,-6.0,52388.35,8.919367333214156,1.0000000000000009
PITPHI,1782861557.903,3,top,out_in_play,force_out,0,False,0.0,0.81,-4.999999999999993,3.0000000000000027,-6.0,-4.0000000000000036,46063.04,7.842453030960834,1.0000000000000009
PITPHI,1782861636.242,3,top,strikeout,strikeout,0,False,0.0,0.83,-3.0000000000000027,2.0000000000000018,-1.9999999999999962,-6.0,44407.659999999996,7.560616662835934,1.0000000000000009
PITPHI,1782861838.422,3,bottom,strikeout,strikeout,0,False,0.0,0.86,-1.0000000000000009,-4.999999999999993,-4.999999999999999,0.0,10455.09,1.7800291135684554,1.3333333333333344
PITPHI,1782861902.517,3,bottom,out_in_play,field_out,0,False,0.0,0.85,-1.0000000000000009,-2.9999999999999916,-4.999999999999999,2.9999999999999973,16310.02,2.776858969447779,1.0000000000000009
PITPHI,1782862016.283,3,bottom,strikeout,strikeout,0,False,0.0,0.85,-1.0000000000000009,-1.0000000000000009,-1.0000000000000009,2.9999999999999973,12501.39,2.128421482748934,1.0000000000000009
PITPHI,1782862239.826,4,top,walk_hbp,walk,0,False,0.0,0.83,1.9999999999999907,-3.9999999999999925,1.0000000000000009,-4.999999999999999,17693.7,3.0124371121383153,1.0000000000000009
PITPHI,1782862392.22,4,top,out_in_play,force_out,0,False,0.0,0.81,-3.9999999999999925,-0.0,-4.999999999999999,-7.000000000000001,12847.73,2.187387525431809,1.0000000000000009
PITPHI,1782862521.496,4,top,strikeout,strikeout,0,False,0.0,0.82,-3.0000000000000027,-2.0000000000000018,-1.0000000000000009,-6.0,10915.43,1.858404201888126,1.999999999999998
PITPHI,1782862623.152,4,top,single,single,0,False,0.0,0.84,-3.0000000000000027,1.0000000000000009,-4.999999999999999,-4.0000000000000036,2761.64,0.4701824280035073,1.0000000000000009
PITPHI,1782862692.2,4,top,strikeout,strikeout,0,False,0.0,0.85,-0.0,1.0000000000000009,-7.000000000000001,-1.9999999999999962,4907.1900000000005,0.8354725847230382,1.0000000000000009
PITPHI,1782862843.662,4,bottom,out_in_play,field_out,0,False,0.0,0.87,0.0,-4.0000000000000036,-3.0000000000000027,-4.999999999999999,3189.95,0.5431042555183833,1.0000000000000009
PITPHI,1782862966.958,4,bottom,walk_hbp,walk,0,False,0.0,0.85,1.0000000000000009,-3.0000000000000027,0.0,-1.9999999999999962,4436.84,0.7553932459926281,1.0000000000000009
PITPHI,1782863034.045,4,bottom,out_in_play,field_out,0,False,0.0,0.87,-3.0000000000000027,1.0000000000000009,-2.9999999999999973,-3.0000000000000027,4300.25,0.732138144733594,1.0000000000000009
PITPHI,1782863110.624,4,bottom,out_in_play,field_out,0,False,0.0,0.86,-3.0000000000000027,3.0000000000000027,-3.9999999999999982,0.0,35252.44,6.001896638319246,1.0000000000000009
PITPHI,1782863268.678,5,top,out_in_play,field_out,0,False,0.0,0.84,1.0000000000000009,-4.0000000000000036,1.0000000000000009,-4.0000000000000036,8877.439999999999,1.5114266499816975,0.9999999999999972
PITPHI,1782863328.341,5,top,xbh,double,0,False,0.0,0.83,-2.0000000000000018,-1.0000000000000009,-1.0000000000000009,1.0000000000000009,5347.46,0.9104306594819148,0.9999999999999972
PITPHI,1782863431.853,5,top,out_in_play,field_out,0,False,0.0,0.83,-3.0000000000000027,-1.0000000000000009,-2.0000000000000018,-3.0,3228.2699999999995,0.5496284189289271,1.0000000000000009
PITPHI,1782863639.648,5,top,out_in_play,field_out,0,False,0.0,0.86,-0.0,-2.0000000000000018,0.0,-3.0,5792.17,0.9861446654919088,2.9999999999999987
PITPHI,1782863887.272,5,bottom,xbh,double,0,False,0.0,0.87,1.0000000000000009,-7.9999999999999964,0.0,-2.0000000000000018,8544.77,1.4547879902273755,1.0000000000000009
PITPHI,1782864021.324,5,bottom,strikeout,strikeout,0,False,0.0,0.9,-6.000000000000005,-1.0000000000000009,-7.000000000000001,3.0,6323.360000000001,1.0765823054200614,2.0000000000000018
PITPHI,1782864091.354,5,bottom,strikeout,strikeout,0,False,0.0,0.88,-4.0000000000000036,1.0000000000000009,-6.0,0.0,7180.6900000000005,1.2225468413480776,2.0000000000000018
PITPHI,1782864147.642,5,bottom,out_in_play,field_out,0,False,0.0,0.86,-2.0000000000000018,4.0000000000000036,-3.0,-3.9999999999999982,7857.080000000001,1.3377054762452012,1.0000000000000009
PITPHI,1782864312.83,6,top,single,single,0,False,0.0,0.84,1.0000000000000009,-5.000000000000004,5.000000000000002,-10.0,12991.640000000001,2.211888891726469,1.0000000000000009
PITPHI,1782864451.558,6,top,out_in_play,force_out,0,False,0.0,0.81,-6.999999999999995,1.0000000000000009,-6.999999999999998,-2.0000000000000018,8711.119999999999,1.4831098739263309,1.3333333333333344
PITPHI,1782864539.213,6,top,out_in_play,field_out,0,False,0.0,0.83,-6.000000000000005,2.0000000000000018,-10.0,-1.0000000000000009,5555.54,0.9458572754126552,1.3333333333333344
PITPHI,1782864598.182,6,top,out_in_play,field_out,0,False,0.0,0.85,-4.0000000000000036,2.0000000000000018,-4.000000000000001,-1.0000000000000009,12052.470000000001,2.051990704088669,1.3333333333333344
PITPHI,1782864758.215,6,bottom,out_in_play,field_out,0,False,0.0,0.89,-2.0000000000000018,1.0000000000000009,-1.0000000000000009,-3.9999999999999996,2285.44,0.38910709877331434,1.0000000000000009
PITPHI,1782864823.417,6,bottom,out_in_play,field_out,0,False,0.0,0.88,-1.0000000000000009,2.0000000000000018,-1.0000000000000009,-0.9999999999999996,4403.110000000001,0.7496505520511447,1.0000000000000009
PITPHI,1782864878.448,6,bottom,single,single,0,False,0.0,0.86,1.0000000000000009,2.0000000000000018,0.9999999999999996,-0.9999999999999996,5445.76,0.9271667049739938,1.0000000000000009
PITPHI,1782864964.058,6,bottom,strikeout,strikeout,0,False,0.0,0.87,0.0,4.0000000000000036,-0.9999999999999996,-0.9999999999999996,5810.379999999999,0.9892450051502073,1.0000000000000009
PITPHI,1782865148.276,7,top,strikeout,strikeout,0,False,0.0,0.87,-2.0000000000000018,-2.0000000000000018,0.0,-0.9999999999999996,7075.1,1.2045696384639615,1.3333333333333344
PITPHI,1782865263.464,7,top,out_in_play,field_out,0,False,0.0,0.89,-2.0000000000000018,-4.999999999999993,-0.9999999999999996,0.0,8520.26,1.4506150454154645,1.0000000000000009
PITPHI,1782865300.82,7,top,out_in_play,field_out,0,False,0.0,0.89,-2.0000000000000018,-4.999999999999993,-0.9999999999999996,0.0,8520.26,1.4506150454154645,1.0000000000000009
PITPHI,1782865485.645,7,bottom,walk_hbp,walk,0,False,0.0,0.91,0.0,4.999999999999993,0.0,6.0,2880.0299999999997,0.49033889215210563,1.0000000000000009
PITPHI,1782865552.45,7,bottom,out_in_play,sac_bunt,0,False,0.0,0.91,2.0000000000000018,3.9999999999999925,1.0000000000000009,6.0,3896.45,0.6633892620306289,0.9999999999999972
PITPHI,1782865676.606,7,bottom,xbh,double,1,True,1.0,0.91,4.999999999999993,1.0000000000000009,6.0,12.000000000000002,9409.13,1.601949417302994,0.9999999999999972
PITPHI,1782865762.534,7,bottom,single,single,0,False,0.0,0.96,0.0,2.0000000000000018,6.0,-1.9999999999999991,15462.66,2.6325918737390506,1.0000000000000009
PITPHI,1782866041.477,7,bottom,single,single,1,True,1.0,0.96,2.0000000000000018,1.0000000000000009,-0.9999999999999981,3.9999999999999982,37066.5,6.3107490359322735,1.0000000000000009
PITPHI,1782866097.253,7,bottom,out_in_play,force_out,1,True,1.0,0.96,2.0000000000000018,1.0000000000000009,-0.9999999999999981,3.9999999999999982,37066.5,6.3107490359322735,1.0000000000000009
PITPHI,1782866187.375,7,bottom,out_in_play,field_out,0,False,0.0,0.98,0.0,-1.0000000000000009,-7.999999999999999,4.999999999999999,27858.57,4.743054881630361,1.0000000000000009
PITPHI,1782866531.531,8,top,walk_hbp,walk,0,False,0.0,0.99,1.0000000000000009,-1.0000000000000009,0.0,-10.0,16094.5,2.7401656579070583,1.0000000000000009
PITPHI,1782866632.684,8,top,strikeout,strikeout,0,False,0.0,0.98,-0.0,-1.0000000000000009,4.000000000000001,-15.000000000000002,8195.130000000001,1.3952601067497514,1.0000000000000009
PITPHI,1782866669.569,8,top,single,single,0,False,0.0,0.97,-1.0000000000000009,-1.0000000000000009,-1.0000000000000009,-9.0,3814.15,0.6493772931191529,1.0000000000000009
PITPHI,1782866816.905,8,top,strikeout,strikeout,0,False,0.0,0.98,-0.0,-1.0000000000000009,-10.0,1.9999999999999991,7774.799999999999,1.3236969124294506,1.0000000000000009
PITPHI,1782866950.252,8,top,strikeout,strikeout,0,False,0.0,0.98,-1.0000000000000009,-0.0,-4.000000000000001,1.0000000000000009,40775.13,6.94216104400235,1.0000000000000009
PITPHI,1782867188.884,8,bottom,single,single,0,False,0.0,0.99,0.0,0.0,3.9999999999999996,-6.0,32702.45,5.567748635833525,1.0000000000000009
PITPHI,1782867351.851,8,bottom,strikeout,strikeout,0,False,0.0,0.99,0.0,0.0,-5.000000000000002,36.0,3033.11,0.5164014948370237,1.0000000000000009
PITPHI,1782867565.218,8,bottom,strikeout,strikeout,0,False,0.0,0.99,0.0,0.0,-3.0,42.0,694.13,0.11817895480586699,1.0000000000000009
PITPHI,1782867730.614,8,bottom,single,single,1,True,1.0,0.99,0.0,0.0,35.0,-13.999999999999996,589.9300000000001,0.1004384060746908,1.0000000000000009
PITPHI,1782867789.584,8,bottom,home_run,home_run,2,True,2.0,0.99,0.0,0.0,-4.0000000000000036,-13.999999999999996,27797.579999999998,4.732671042214674,1.0000000000000009
PITPHI,1782867886.743,8,bottom,single,single,0,False,0.0,0.99,0.0,0.0,12.0,-20.999999999999996,36153.079999999994,6.15523490904138,1.0000000000000009
PITPHI,1782867986.174,8,bottom,walk_hbp,walk,0,False,0.0,0.99,0.0,0.0,-10.999999999999998,-4.999999999999999,9423.999999999998,1.6044811059750916,1.0000000000000009
PITPHI,1782868144.601,8,bottom,out_in_play,field_out,0,False,0.0,0.99,0.0,0.0,-2.9999999999999973,-8.000000000000002,5302.8,0.902827080726307,1.0000000000000009
PITPHI,1782868336.838,9,top,out_in_play,field_out,0,False,0.0,0.99,-0.0,-0.0,-3.0000000000000027,-23.0,1368.12,0.2329289782159001,1.0000000000000009
PITPHI,1782868447.379,9,top,single,single,0,False,0.0,0.99,-0.0,-0.0,-6.0,-18.0,446.5,0.07601876207744891,1.0000000000000009
PITPHI,1782868573.333,9,top,strikeout,strikeout,0,False,0.0,0.99,-0.0,-0.0,-22.0,0.0,750.45,0.12776770436958912,1.0000000000000009
PITPHI,1782868663.608,9,top,out_in_play,field_out,0,False,0.0,0.99,-0.0,-0.0,-18.0,0.0,511.28999999999996,0.08704956968102766,1.0000000000000009
TBKC,1782862963.508,1,top,out_in_play,field_out,0,False,0.0,0.52,-1.0000000000000009,-13.0,0.0,1.9999999999999991,20838.449999999997,3.3576718195616655,1.3333333333333344
TBKC,1782863074.729,1,top,walk_hbp,walk,0,False,0.0,0.5,-3.0000000000000027,-6.0,0.0,-1.0000000000000009,17747.57,2.859642423246356,1.3333333333333328
TBKC,1782863123.958,1,top,out_in_play,field_out,0,False,0.0,0.51,-4.0000000000000036,-4.999999999999999,0.0,-1.0000000000000009,17815.55,2.870595950514162,0.9999999999999972
TBKC,1782863197.2,1,top,out_in_play,field_out,0,False,0.0,0.49,-2.0000000000000018,-4.999999999999999,-3.0,1.9999999999999991,14455.07,2.3291262636516272,0.9999999999999953
TBKC,1782863370.443,1,bottom,home_run,home_run,1,True,1.0,0.47,6.0,-3.0000000000000027,1.9999999999999991,-0.9999999999999981,27183.14,4.3799833070693595,1.999999999999998
TBKC,1782863403.932,1,bottom,single,single,0,False,0.0,0.38,-3.9999999999999982,-1.0000000000000009,-3.0,-0.9999999999999981,27919.69,4.498662632004667,0.999999999999999
TBKC,1782863433.965,1,bottom,out_in_play,grounded_into_double_play,0,False,0.0,0.38,-3.9999999999999982,-1.0000000000000009,-3.0,-0.9999999999999981,27919.69,4.498662632004667,0.999999999999999
TBKC,1782863517.229,1,bottom,strikeout,strikeout,0,False,0.0,0.41,-1.0000000000000009,1.9999999999999962,0.0,-1.9999999999999991,24283.48,3.9127649358224494,1.0000000000000009
TBKC,1782863715.463,2,top,walk_hbp,walk,0,False,0.0,0.42,1.0000000000000009,-7.000000000000001,0.0,-2.0000000000000018,30381.14,4.8952728069581815,0.999999999999999
TBKC,1782863750.36,2,top,out_in_play,sac_bunt,0,False,0.0,0.42,1.0000000000000009,-7.000000000000001,0.0,-2.0000000000000018,30381.14,4.8952728069581815,0.999999999999999
TBKC,1782863877.478,2,top,out_in_play,field_out,0,False,0.0,0.44,-4.999999999999999,1.0000000000000009,-1.0000000000000009,-4.000000000000001,29891.559999999998,4.816387430674388,0.999999999999999
TBKC,1782864021.154,2,top,out_in_play,field_out,0,False,0.0,0.39,-3.0000000000000027,12.0,-1.0000000000000009,-3.9999999999999996,12906.71,2.0796410697654935,1.0000000000000009
TBKC,1782864194.93,2,bottom,out_in_play,field_out,0,False,0.0,0.36,-6.0,-11.000000000000004,-3.0,1.0000000000000009,8383.26,1.3507835687423264,1.0000000000000009
TBKC,1782864286.982,2,bottom,strikeout,strikeout,0,False,0.0,0.39,-2.9999999999999973,-25.000000000000007,0.0,11.000000000000002,45971.1,7.4072623916006854,1.0000000000000009
TBKC,1782864333.4,2,bottom,out_in_play,field_out,0,False,0.0,0.4,-7.9999999999999964,-33.00000000000001,-0.9999999999999996,12.000000000000002,51281.55,8.26292815916935,2.666666666666667
TBKC,1782864478.711,3,top,single,single,0,False,0.0,0.42,6.0,41.0,-0.9999999999999996,34.0,15840.49,2.5523571513739443,3.000000000000001
TBKC,1782864624.155,3,top,walk_hbp,walk,0,False,0.0,0.48,33.00000000000001,6.999999999999995,12.000000000000002,24.999999999999996,38341.51,6.177916670694884,0.9999999999999972
TBKC,1782864690.511,3,top,single,single,1,True,1.0,0.53,31.999999999999996,7.000000000000006,10.0,31.000000000000007,44439.94,7.160548610909701,0.9999999999999972
TBKC,1782864777.563,3,top,home_run,home_run,3,True,3.0,0.67,21.999999999999996,1.0000000000000009,22.0,1.9999999999999962,50327.74,8.109242018491127,0.9999999999999972
TBKC,1782864831.656,3,top,home_run,home_run,1,True,1.0,0.81,7.9999999999999964,1.0000000000000009,22.0,2.9999999999999973,28032.38,4.516820222293119,1.0000000000000009
TBKC,1782864893.663,3,top,single,single,0,False,0.0,0.85,3.0000000000000027,4.0000000000000036,21.0,8.000000000000002,21891.899999999998,3.5274128213308584,1.0000000000000009
TBKC,1782865079.462,3,top,single,single,0,False,0.0,0.88,2.0000000000000018,0.0,2.9999999999999973,-0.9999999999999953,15772.42,2.541389122525467,1.0000000000000009
TBKC,1782865290.058,3,top,single,single,1,True,1.0,0.9,2.0000000000000018,-1.0000000000000009,0.0,-3.9999999999999982,22506.82,3.626494065630932,1.0000000000000009
TBKC,1782865390.107,3,top,out_in_play,force_out,0,False,0.0,0.91,0.0,0.0,-4.999999999999999,1.9999999999999962,4409.26,0.7104582177235097,1.0000000000000009
TBKC,1782865467.29,3,top,out_in_play,field_out,0,False,0.0,0.92,-1.0000000000000009,0.0,-1.9999999999999962,-2.0000000000000018,6793.73,1.0946647073419893,1.0000000000000009
TBKC,1782865659.59,3,bottom,out_in_play,field_out,0,False,0.0,0.91,1.0000000000000009,6.000000000000005,1.9999999999999962,14.000000000000002,11216.43,1.807288494445895,1.0000000000000009
TBKC,1782865729.425,3,bottom,xbh,double,0,False,0.0,0.92,1.0000000000000009,6.000000000000005,3.9999999999999982,14.000000000000002,10324.52,1.6635762186967271,1.0000000000000009
TBKC,1782865839.812,3,bottom,out_in_play,field_out,0,False,0.0,0.9,7.000000000000006,-4.0000000000000036,12.0,4.0000000000000036,5946.09,0.9580855979968484,0.9999999999999972
TBKC,1782865982.952,3,bottom,home_run,home_run,2,True,2.0,0.83,-2.0000000000000018,3.0000000000000027,2.0000000000000018,-5.000000000000004,8048.1,1.2967796823187063,1.0000000000000009
TBKC,1782866059.153,3,bottom,strikeout,strikeout,0,False,0.0,0.83,-1.0000000000000009,2.9999999999999916,0.0,-2.0000000000000018,7776.049999999999,1.2529446265198463,1.0000000000000009
TBKC,1782866271.616,4,top,single,single,0,False,0.0,0.84,3.0000000000000027,-4.0000000000000036,-1.0000000000000009,-3.0000000000000027,21131.84,3.4049453612666007,1.3333333333333308
TBKC,1782866339.306,4,top,out_in_play,field_out,0,False,0.0,0.87,-5.000000000000004,1.0000000000000009,-7.000000000000006,3.0000000000000027,27694.57,4.462389344883037,1.3333333333333273
TBKC,1782866514.875,4,top,single,single,0,False,0.0,0.82,-0.9999999999999898,-7.000000000000006,1.0000000000000009,-1.9999999999999907,4283.67,0.6902220675386951,0.9999999999999972
TBKC,1782866679.382,4,top,walk_hbp,hit_by_pitch,0,False,0.0,0.81,0.0,0.9999999999999898,2.0000000000000018,-5.999999999999995,4875.700000000001,0.7856150764877818,1.0000000000000009
TBKC,1782866768.063,4,top,out_in_play,force_out,0,False,0.0,0.83,-8.999999999999996,8.999999999999996,-3.9999999999999925,-2.0000000000000018,2879.29,0.463936180154748,1.3333333333333344
TBKC,1782866912.024,4,bottom,xbh,double,0,False,0.0,0.81,5.000000000000004,-9.999999999999998,5.999999999999995,-14.000000000000002,8621.04,1.3890967448785254,1.3333333333333344
TBKC,1782866968.74,4,bottom,out_in_play,field_out,0,False,0.0,0.74,-7.9999999999999964,-4.0000000000000036,-2.0000000000000018,-7.000000000000006,9493.91,1.5297411306721322,0.9999999999999972
TBKC,1782867078.259,4,bottom,out_in_play,field_out,0,False,0.0,0.76,-6.999999999999995,-2.0000000000000018,-7.9999999999999964,-5.000000000000004,6059.950000000001,0.976431708834041,2.3333333333333246
TBKC,1782867263.375,4,bottom,strikeout,strikeout,0,False,0.0,0.83,-3.0000000000000027,1.0000000000000009,-7.000000000000006,2.0000000000000018,8991.32,1.4487594703378224,1.0000000000000009
TBKC,1782867445.772,5,top,out_in_play,field_out,0,False,0.0,0.86,0.0,0.0,2.0000000000000018,1.0000000000000009,2697.3599999999997,0.43462204046907776,1.0000000000000009
TBKC,1782867524.574,5,top,walk_hbp,walk,0,False,0.0,0.84,2.0000000000000018,0.0,3.9999999999999982,0.0,4616.280000000001,0.7438150758432671,1.0000000000000009
TBKC,1782868042.669,5,top,walk_hbp,walk,0,False,0.0,0.85,8.000000000000007,0.9999999999999898,7.000000000000006,4.999999999999993,15598.35,2.51334145421851,1.6666666666666645
TBKC,1782868117.158,5,top,single,single,2,True,2.0,0.87,6.000000000000005,0.9999999999999898,18.999999999999993,-14.000000000000002,14816.23,2.3873194956027985,1.6666666666666607
TBKC,1782868301.42,5,top,out_in_play,field_out,0,False,0.0,0.93,-1.0000000000000009,1.9999999999999907,-10.999999999999998,-3.0000000000000027,15060.689999999999,2.4267090112822296,1.3333333333333308
TBKC,1782868474.9,5,bottom,out_in_play,field_out,0,False,0.0,0.92,-2.9999999999999916,-1.0000000000000009,-3.0000000000000027,-4.0000000000000036,8962.56,1.444125409669654,1.6666666666666607
TBKC,1782868567.083,5,bottom,out_in_play,field_out,0,False,0.0,0.94,-0.0,-1.0000000000000009,0.0,-9.999999999999998,3375.71,0.543923676569635,1.0000000000000009
TBKC,1782868649.633,5,bottom,strikeout,strikeout,0,False,0.0,0.95,1.0000000000000009,-1.0000000000000009,0.0,-7.9999999999999964,2431.5699999999997,0.391795650170313,1.0000000000000009
TBKC,1782868897.123,6,top,walk_hbp,walk,0,False,0.0,0.96,-1.0000000000000009,1.0000000000000009,-5.999999999999995,7.9999999999999964,12906.39,2.0795895085897698,1.0000000000000009
TBKC,1782869010.337,6,top,out_in_play,grounded_into_double_play,0,False,0.0,0.96,-1.0000000000000009,1.0000000000000009,-4.999999999999993,17.999999999999993,11869.31,1.912486183216193,1.0000000000000009
TBKC,1782869091.538,6,top,walk_hbp,walk,0,False,0.0,0.95,0.0,2.0000000000000018,2.0000000000000018,18.999999999999993,4573.6900000000005,0.7369526056117897,1.0000000000000009
TBKC,1782869199.164,6,top,walk_hbp,walk,0,False,0.0,0.95,1.0000000000000009,2.0000000000000018,6.999999999999995,24.0,6268.59,1.0100495954058994,1.0000000000000009
TBKC,1782869328.762,6,top,walk_hbp,walk,0,False,0.0,0.95,1.0000000000000009,3.0000000000000027,10.999999999999998,14.000000000000002,8463.279999999999,1.3636770852467364,1.0000000000000009
TBKC,1782869477.334,6,top,walk_hbp,walk,0,False,1.0,0.96,2.0000000000000018,0.0,13.0,-3.9999999999999925,59852.14,9.643895962437684,1.0000000000000009
TBKC,1782869603.321,6,top,walk_hbp,walk,1,True,1.0,0.98,1.0000000000000009,-1.0000000000000009,7.9999999999999964,-6.999999999999995,46929.549999999996,7.561696169326901,1.0000000000000009
TBKC,1782869821.488,6,top,strikeout,strikeout,0,False,0.0,0.98,1.0000000000000009,-1.0000000000000009,-4.999999999999993,-8.000000000000007,20300.059999999998,3.270921752693266,1.0000000000000009
TBKC,1782870021.412,6,bottom,out_in_play,field_out,0,False,0.0,0.99,1.0000000000000009,-1.0000000000000009,-5.000000000000004,-4.0000000000000036,15160.289999999999,2.4427574272262342,1.0000000000000009
TBKC,1782870175.682,6,bottom,out_in_play,field_out,0,False,0.0,0.99,1.0000000000000009,-1.0000000000000009,-3.0000000000000027,-3.9999999999999925,5164.66,0.8321748181662914,1.0000000000000009
TBKC,1782870254.541,6,bottom,out_in_play,field_out,0,False,0.0,0.99,1.0000000000000009,-1.0000000000000009,0.0,-7.9999999999999964,16371.590000000002,2.637932590207889,1.0000000000000009
TBKC,1782870392.32,7,top,out_in_play,field_out,0,False,0.0,0.98,0.0,1.0000000000000009,1.0000000000000009,-9.999999999999998,9164.55,1.4766717905585043,1.0000000000000009
TBKC,1782870444.631,7,top,single,single,0,False,0.0,0.98,1.0000000000000009,0.0,-4.999999999999993,-2.0000000000000018,8475.26,1.365607406762893,1.0000000000000009
TBKC,1782870587.921,7,top,out_in_play,grounded_into_double_play,0,False,0.0,0.98,1.0000000000000009,-1.0000000000000009,-7.9999999999999964,3.9999999999999925,3689.73,0.5945213028220077,1.0000000000000009
TBKC,1782870904.053,7,bottom,walk_hbp,walk,0,False,0.0,0.99,-0.0,-0.0,-2.0000000000000018,-10.999999999999998,26384.660000000003,4.251325283344775,1.0000000000000009
TBKC,1782871045.929,7,bottom,strikeout,strikeout,0,False,0.0,0.98,-0.0,-1.0000000000000009,-12.99999999999999,-13.000000000000005,35766.280000000006,5.762973275198109,1.0000000000000009
TBKC,1782871126.352,7,bottom,out_in_play,force_out,0,False,0.0,0.99,-0.0,-0.0,-7.9999999999999964,-13.000000000000005,35140.14,5.662084167174222,1.0000000000000009
TBKC,1782871203.924,7,bottom,out_in_play,field_out,0,False,0.0,0.98,-1.0000000000000009,1.0000000000000009,-3.0000000000000027,-14.000000000000002,20509.21,3.304621814888934,1.0000000000000009
TBKC,1782871446.916,8,top,strikeout,strikeout,0,False,0.0,0.99,0.0,0.0,-5.000000000000004,14.000000000000007,2682.54,0.43223411351837354,1.0000000000000009
TBKC,1782871465.718,8,top,out_in_play,field_out,0,False,0.0,0.99,0.0,0.0,-5.000000000000004,14.000000000000007,2682.54,0.43223411351837354,1.0000000000000009
TBKC,1782871497.836,8,top,out_in_play,field_out,0,False,0.0,0.99,0.0,0.0,-5.000000000000004,14.000000000000007,2682.54,0.43223411351837354,1.0000000000000009
TBKC,1782871712.229,8,bottom,out_in_play,field_out,0,False,0.0,0.98,-1.0000000000000009,-0.0,-9.000000000000002,17.0,16935.53,2.728799494700478,1.0000000000000009
TBKC,1782871786.997,8,bottom,strikeout,strikeout,0,False,0.0,0.99,-0.0,-0.0,18.000000000000004,-17.000000000000004,935.4100000000001,0.15072137307410954,1.0000000000000009
TBKC,1782871893.146,8,bottom,home_run,home_run,1,True,1.0,0.99,-0.0,-0.0,19.0,-14.000000000000002,1499.0500000000002,0.2415399389644583,1.0000000000000009
TBKC,1782871967.085,8,bottom,out_in_play,field_out,0,False,0.0,0.99,-0.0,-0.0,-7.000000000000006,-19.999999999999996,1049.77,0.1691480482483702,1.0000000000000009
TBKC,1782872186.532,9,top,out_in_play,field_out,0,False,0.0,0.99,0.0,0.0,-12.0,-24.999999999999996,417.93999999999994,0.06734211806864726,1.0000000000000009
TBKC,1782872304.31,9,top,out_in_play,field_out,0,False,0.0,0.99,0.0,0.0,-12.0,-27.999999999999996,441.09000000000003,0.07107224687490937,1.0000000000000009
TBKC,1782872347.511,9,top,out_in_play,field_out,0,False,0.0,0.99,0.0,0.0,-6.999999999999995,-27.0,555.71,0.08954081550444555,1.0000000000000009
TBKC,1782872532.087,9,bottom,out_in_play,field_out,0,False,0.0,0.99,-0.0,-0.0,-27.0,0.0,135.56,0.021842603065956413,1.0000000000000009
TBKC,1782872563.562,9,bottom,out_in_play,field_out,0,False,0.0,0.99,-0.0,-0.0,-27.0,0.0,135.56,0.021842603065956413,1.0000000000000009
TBKC,1782872658.943,9,bottom,out_in_play,field_out,0,False,0.0,0.99,-0.0,-0.0,-9.000000000000002,0.0,78.0,0.012568036582654178,1.0000000000000009
MINHOU,1782864759.959,1,top,walk_hbp,walk,0,False,0.0,0.49,2.9999999999999973,6.0,3.0000000000000027,8.999999999999996,8840.240000000002,0.9462640443875703,0.999999999999999
MINHOU,1782864830.358,1,top,out_in_play,field_out,0,False,0.0,0.48,-1.0000000000000009,25.0,-4.0000000000000036,31.000000000000007,8020.02,0.85846725442626,0.999999999999999
MINHOU,1782864887.164,1,top,single,single,0,False,0.0,0.49,-0.0,26.0,-3.0000000000000027,30.000000000000004,6545.38,0.700620995680379,0.999999999999999
MINHOU,1782864947.326,1,top,out_in_play,field_out,0,False,0.0,0.46,-1.9999999999999962,24.999999999999996,-3.0000000000000027,30.000000000000004,3722.5499999999997,0.39846375420067204,1.0000000000000009
MINHOU,1782865043.932,1,top,walk_hbp,walk,0,False,0.0,0.49,8.999999999999996,15.000000000000002,12.0,14.000000000000002,27611.249999999996,2.9555230509122254,1.0000000000000009
MINHOU,1782865133.608,1,top,walk_hbp,hit_by_pitch,1,True,1.0,0.48,24.0,-1.0000000000000009,30.000000000000004,-4.0000000000000036,31057.969999999998,3.32446181355572,1.0
MINHOU,1782865234.694,1,top,single,single,2,True,2.0,0.4,17.0,-0.0,18.000000000000004,-4.0000000000000036,17766.920000000002,1.901780672867525,1.0
MINHOU,1782865417.606,1,top,out_in_play,field_out,0,False,0.0,0.23,-1.9999999999999991,3.0,-4.0000000000000036,-3.0000000000000027,29267.5,3.13280894173837,1.0000000000000009
MINHOU,1782865635.548,1,bottom,strikeout,strikeout,0,False,0.0,0.25,-1.0000000000000009,-0.9999999999999981,0.0,-2.0000000000000018,20811.5,2.227674153617087,1.3333333333333328
MINHOU,1782865699.69,1,bottom,single,single,0,False,0.0,0.23,-1.0000000000000009,0.0,-3.0000000000000027,1.0000000000000009,20138.659999999996,2.155652998125184,1.3333333333333328
MINHOU,1782865804.287,1,bottom,strikeout,strikeout,0,False,0.0,0.24,-1.9999999999999991,-1.0000000000000009,-2.0000000000000018,-3.0000000000000027,21769.72,2.330242537802704,1.0000000000000009
MINHOU,1782866027.189,1,bottom,walk_hbp,walk,0,False,0.0,0.22,0.0,0.0,0.0,-4.999999999999993,13976.939999999999,1.4960991751991353,2.0
MINHOU,1782866161.841,1,bottom,out_in_play,field_out,0,False,0.0,0.22,-1.0000000000000009,1.0000000000000009,-3.0000000000000027,-3.9999999999999925,15305.65,1.6383250082555012,0.9999999999999981
MINHOU,1782866365.342,2,top,out_in_play,field_out,0,False,0.0,0.21,-2.0000000000000018,-0.9999999999999981,-3.9999999999999925,0.0,60090.21,6.4320883983577835,1.0000000000000009
MINHOU,1782866480.423,2,top,out_in_play,field_out,0,False,0.0,0.22,-0.0,1.0000000000000009,-2.0000000000000018,-1.0000000000000009,8889.32,0.9515175939856061,1.0000000000000009
MINHOU,1782866622.636,2,top,single,single,0,False,0.0,0.23,-0.9999999999999981,3.9999999999999982,0.0,-1.0000000000000009,2834.01,0.3033539546929515,1.0
MINHOU,1782866901.748,2,bottom,out_in_play,field_out,0,False,0.0,0.23,-3.0,0.9999999999999981,-1.0000000000000009,-7.000000000000006,9336.23,0.9993550807594096,0.999999999999999
MINHOU,1782866993.58,2,bottom,out_in_play,field_out,0,False,0.0,0.21,-1.9999999999999991,3.0,0.0,-10.999999999999998,10520.49,1.1261189081222893,1.0
MINHOU,1782867065.197,2,bottom,strikeout,strikeout,0,False,0.0,0.2,0.0,0.9999999999999981,-5.000000000000004,-5.999999999999995,20170.68,2.1590804361473754,1.0000000000000009
MINHOU,1782867222.754,3,top,out_in_play,field_out,0,False,0.0,0.18,-3.0,-7.0000000000000036,-2.0000000000000018,3.0000000000000027,19977.35,2.1383862889634244,1.0
MINHOU,1782867258.932,3,top,out_in_play,field_out,0,False,0.0,0.2,-1.9999999999999991,-4.000000000000001,-5.999999999999995,5.999999999999995,11575.07,1.239001718535835,1.0
MINHOU,1782867342.735,3,top,single,single,0,False,0.0,0.21,-1.0000000000000009,-3.0,-2.0000000000000018,3.9999999999999925,9841.91,1.0534833399430865,1.0
MINHOU,1782867409.136,3,top,out_in_play,field_out,0,False,0.0,0.21,-0.0,-0.0,-3.9999999999999925,-1.0000000000000009,4940.58,0.5288423405269926,1.0000000000000009
MINHOU,1782867606.15,3,bottom,xbh,double,0,False,0.0,0.28,-3.0000000000000027,-7.000000000000001,2.9999999999999916,-9.999999999999998,16975.510000000002,1.8170677208018835,1.0000000000000009
MINHOU,1782867683.628,3,bottom,out_in_play,field_out,0,False,0.0,0.28,-7.0000000000000036,-1.9999999999999991,-7.9999999999999964,-6.0,17364.82,1.8587396725951066,1.0
MINHOU,1782867786.202,3,bottom,strikeout,strikeout,0,False,0.0,0.25,-4.999999999999999,0.0,-5.999999999999995,-8.000000000000002,12843.49,1.3747740775647848,0.999999999999999
MINHOU,1782867979.765,3,bottom,out_in_play,field_out,0,False,0.0,0.2,-1.0000000000000009,1.0000000000000009,-4.999999999999999,-4.0000000000000036,14770.5,1.5810422644211701,0.999999999999999
MINHOU,1782868116.318,4,top,out_in_play,field_out,0,False,0.0,0.18,-2.0000000000000018,-0.9999999999999981,-3.9999999999999982,0.0,10202.67,1.092099284380484,1.0000000000000009
MINHOU,1782868175.895,4,top,strikeout,strikeout,0,False,0.0,0.19,-1.9999999999999991,1.9999999999999991,-2.0000000000000018,-3.9999999999999982,8652.28,0.9261447048919131,1.0
MINHOU,1782868278.254,4,top,out_in_play,field_out,0,False,0.0,0.2,-0.0,-1.9999999999999991,-1.0000000000000009,-2.9999999999999973,114711.36,12.27876567274175,0.9999999999999981
MINHOU,1782868602.747,4,bottom,out_in_play,field_out,0,False,0.0,0.21,1.0000000000000009,11.000000000000002,-3.9999999999999982,16.000000000000004,9497.11,1.0165757624898912,1.0000000000000009
MINHOU,1782868728.959,4,bottom,single,single,0,False,0.0,0.19,17.0,2.0000000000000018,13.000000000000005,5.999999999999995,27533.99,2.9472530989573715,0.999999999999999
MINHOU,1782868767.944,4,bottom,single,single,0,False,0.0,0.22,12.999999999999998,2.0000000000000018,19.999999999999996,-2.9999999999999916,49652.19,5.3147971233925855,0.9999999999999972
MINHOU,1782868846.318,4,bottom,single,single,1,True,1.0,0.29,2.0000000000000018,3.0000000000000027,7.9999999999999964,-0.9999999999999898,44677.8,4.782335742280638,0.999999999999999
MINHOU,1782868955.121,4,bottom,strikeout,strikeout,0,False,0.0,0.35,-2.9999999999999973,9.999999999999998,-2.9999999999999916,13.99999999999999,108616.98,11.626419959635012,1.0000000000000009
MINHOU,1782869123.729,4,bottom,walk_hbp,walk,0,False,0.0,0.32,2.0000000000000018,47.99999999999999,0.0,42.99999999999999,147804.31,15.821052840026308,1.0000000000000009
MINHOU,1782869361.004,4,bottom,walk_hbp,walk,1,True,1.0,0.39,44.99999999999999,1.0000000000000009,39.0,0.0,202186.65999999997,21.64216883396995,5.000000000000001
MINHOU,1782869485.33,4,bottom,home_run,home_run,4,True,4.0,0.51,30.999999999999993,5.000000000000004,20.999999999999996,0.0,234911.87,25.14509291386287,1.0000000000000009
MINHOU,1782869547.335,4,bottom,out_in_play,field_out,0,False,0.0,0.84,-1.0000000000000009,4.0000000000000036,0.0,0.0,188756.53,20.204600495276566,1.0000000000000009
MINHOU,1782869726.366,5,top,out_in_play,field_out,0,False,0.0,0.83,-5.000000000000004,8.999999999999996,0.0,0.0,26578.63,2.8449908507100266,1.0000000000000009
MINHOU,1782869833.771,5,top,strikeout,strikeout,0,False,0.0,0.85,-2.0000000000000018,5.999999999999995,0.0,0.0,22814.05,2.442028182703212,1.0000000000000009
MINHOU,1782869983.246,5,top,single,single,0,False,0.0,0.87,8.999999999999996,-3.0000000000000027,0.0,0.0,18621.53,1.9932585869257473,1.0000000000000009
MINHOU,1782870083.835,5,top,xbh,double,1,True,1.0,0.86,6.999999999999995,-3.9999999999999925,0.0,0.0,61562.02,6.589631732381528,1.666666666666668
MINHOU,1782870246.521,5,top,strikeout,strikeout,0,False,0.0,0.79,-2.0000000000000018,2.0000000000000018,0.0,0.0,23307.76,2.494875166648737,0.9999999999999898
MINHOU,1782870556.425,5,bottom,strikeout,strikeout,0,False,0.0,0.83,-3.9999999999999925,2.0000000000000018,0.0,0.0,59640.85999999999,6.3839897326716075,1.0000000000000009
MINHOU,1782870639.32,5,bottom,out_in_play,field_out,0,False,0.0,0.8,-2.0000000000000018,5.999999999999995,0.0,0.0,67219.81,7.195244617065151,1.0000000000000009
MINHOU,1782870735.832,5,bottom,strikeout,strikeout,0,False,0.0,0.79,0.0,4.999999999999993,0.0,0.0,16079.74,1.7211840182054545,1.0000000000000009
MINHOU,1782870938.877,6,top,out_in_play,field_out,0,False,0.0,0.79,-4.999999999999993,-2.0000000000000018,0.0,0.0,22044.79,2.35968617855111,0.9999999999999934
MINHOU,1782871027.422,6,top,strikeout,strikeout,0,False,0.0,0.81,-2.9999999999999916,-3.0000000000000027,0.0,0.0,13443.67,1.4390176675759758,1.0000000000000009
MINHOU,1782871178.242,6,top,out_in_play,field_out,0,False,0.0,0.83,-2.0000000000000018,-0.0,0.0,0.0,2981.37,0.31912744835160245,1.0000000000000009
MINHOU,1782871368.054,6,bottom,walk_hbp,hit_by_pitch,0,False,0.0,0.85,2.0000000000000018,-3.0000000000000027,0.0,0.0,5643.79,0.6041143171536207,1.0000000000000009
MINHOU,1782871512.292,6,bottom,strikeout,strikeout,0,False,0.0,0.87,-3.0000000000000027,2.0000000000000018,0.0,0.0,3391.79,0.3630590258989933,1.0000000000000009
MINHOU,1782871547.88,6,bottom,out_in_play,force_out,0,False,0.0,0.87,-3.0000000000000027,2.0000000000000018,0.0,0.0,3391.79,0.3630590258989933,1.0000000000000009
MINHOU,1782871651.455,6,bottom,out_in_play,field_out,0,False,0.0,0.85,-1.0000000000000009,5.000000000000004,0.0,0.0,3200.9300000000003,0.3426292688435501,1.0000000000000009
MINHOU,1782871869.169,7,top,strikeout,strikeout,0,False,0.0,0.85,-2.0000000000000018,-3.0000000000000027,0.0,0.0,6342.2699999999995,0.6788799920361839,1.0000000000000009
MINHOU,1782872038.52,7,top,strikeout,strikeout,0,False,0.0,0.86,-3.0000000000000027,-1.0000000000000009,0.0,0.0,27302.359999999997,2.922459299173486,1.0000000000000009
MINHOU,1782872072.277,7,top,out_in_play,field_out,0,False,0.0,0.87,-2.0000000000000018,-2.0000000000000018,0.0,0.0,31589.0,3.3813035503740796,1.0000000000000009
MINHOU,1782872272.04,7,bottom,single,single,0,False,0.0,0.89,3.0000000000000027,-4.0000000000000036,0.0,0.0,10218.42,1.0937851728517365,1.0000000000000009
MINHOU,1782872416.622,7,bottom,out_in_play,field_out,0,False,0.0,0.92,-2.0000000000000018,-2.0000000000000018,0.0,0.0,22313.36,2.3884340558034434,1.0000000000000009
MINHOU,1782872493.058,7,bottom,single,single,0,False,0.0,0.9,-2.0000000000000018,3.0000000000000027,0.0,0.0,22871.28,2.448154112684785,1.3333333333333344
MINHOU,1782872609.071,7,bottom,strikeout,strikeout,0,False,0.0,0.9,-2.0000000000000018,6.999999999999995,0.0,0.0,9790.73,1.04800500521555,1.3333333333333344
MINHOU,1782872650.237,7,bottom,out_in_play,field_out,0,False,0.0,0.88,1.0000000000000009,5.999999999999995,0.0,0.0,11004.71,1.1779500773635485,1.0000000000000009
MINHOU,1782872902.148,8,top,strikeout,strikeout,0,False,0.0,0.88,-6.999999999999995,1.0000000000000009,0.0,0.0,18757.04,2.0077636502107894,1.6666666666666645
MINHOU,1782872962.8,8,top,out_in_play,field_out,0,False,0.0,0.91,-3.9999999999999925,1.0000000000000009,0.0,0.0,29808.43,3.1907103798815166,0.9999999999999972
MINHOU,1782873022.395,8,top,out_in_play,field_out,0,False,0.0,0.94,-0.0,0.9999999999999898,0.0,0.0,25404.27,2.719286724671934,1.0000000000000009
MINHOU,1782873170.055,8,bottom,out_in_play,field_out,0,False,0.0,0.95,-1.0000000000000009,3.0000000000000027,0.0,0.0,7079.8,0.7578255999220744,0.9999999999999934
MINHOU,1782873235.125,8,bottom,out_in_play,field_out,0,False,0.0,0.94,0.0,4.0000000000000036,0.0,0.0,15816.9,1.6930494832350431,0.9999999999999898
MINHOU,1782873371.829,8,bottom,out_in_play,field_out,0,False,0.0,0.94,0.0,5.000000000000004,0.0,0.0,45234.21000000001,4.841894167949815,0.9999999999999898
MINHOU,1782873565.541,9,top,strikeout,strikeout,0,False,0.0,0.94,-4.0000000000000036,-1.0000000000000009,0.0,0.0,50981.78,5.457117152122265,1.0000000000000009
MINHOU,1782873625.394,9,top,out_in_play,field_out,0,False,0.0,0.97,-2.0000000000000018,-0.0,0.0,0.0,37998.67,4.0673980746618446,1.0000000000000009
MINHOU,1782873748.222,9,top,strikeout,strikeout,0,False,0.0,0.98,-1.0000000000000009,-0.0,0.0,0.0,15984.05,1.71094130913789,1.0000000000000009
SDCHC,1782864412.006,1,top,home_run,home_run,1,True,1.0,0.58,6.999999999999995,-1.0000000000000009,4.999999999999999,-3.0000000000000027,21999.78,6.06229901211094,1.3333333333333344
SDCHC,1782864442.315,1,top,out_in_play,field_out,0,False,0.0,0.47,-6.000000000000005,-0.0,-2.0000000000000018,1.0000000000000009,58271.54,16.057410545750148,1.3333333333333344
SDCHC,1782864478.653,1,top,out_in_play,field_out,0,False,0.0,0.47,-6.000000000000005,-0.0,-2.0000000000000018,1.0000000000000009,58271.54,16.057410545750148,1.3333333333333344
SDCHC,1782864594.565,1,top,out_in_play,field_out,0,False,0.0,0.51,-2.0000000000000018,-7.9999999999999964,0.0,-2.0000000000000018,49522.75,13.646578211328345,1.0000000000000009
SDCHC,1782864755.584,1,bottom,out_in_play,field_out,0,False,0.0,0.53,0.0,5.999999999999995,0.0,4.0000000000000036,4695.46,1.2938894170490085,1.0000000000000009
SDCHC,1782864865.697,1,bottom,walk_hbp,walk,0,False,0.0,0.52,8.999999999999996,1.0000000000000009,1.0000000000000009,5.000000000000004,3493.8100000000004,0.9627605781286599,1.666666666666668
SDCHC,1782864967.668,1,bottom,out_in_play,force_out,0,False,0.0,0.52,7.9999999999999964,-1.0000000000000009,5.000000000000004,2.9999999999999916,3371.7000000000003,0.9291117265324681,1.0000000000000009
SDCHC,1782865016.596,1,bottom,single,single,1,True,1.0,0.52,7.9999999999999964,-1.0000000000000009,5.000000000000004,2.9999999999999916,3371.7000000000003,0.9291117265324681,1.0000000000000009
SDCHC,1782865293.466,1,bottom,walk_hbp,walk,0,False,0.0,0.61,-2.0000000000000018,-2.9999999999999916,3.9999999999999925,-4.999999999999993,5313.17,1.4641066975295884,2.6666666666666687
SDCHC,1782865442.029,1,bottom,out_in_play,field_out,0,False,0.0,0.59,-6.999999999999995,8.999999999999996,-6.999999999999995,-3.0000000000000027,3997.62,1.101591369404373,0.9999999999999972
SDCHC,1782865595.39,2,top,single,single,0,False,0.0,0.57,0.9999999999999898,-4.999999999999993,2.0000000000000018,-7.000000000000001,2957.81,0.8150594524587002,1.0000000000000009
SDCHC,1782865706.984,2,top,out_in_play,force_out,0,False,0.0,0.53,-4.999999999999993,-0.0,-8.000000000000007,-1.9999999999999962,4443.19,1.2243734413535594,1.0000000000000009
SDCHC,1782865816.966,2,top,out_in_play,force_out,0,False,0.0,0.56,-4.999999999999993,3.0000000000000027,-8.000000000000002,-1.0000000000000009,24107.12,6.643001419143277,1.0000000000000009
SDCHC,1782865879.96,2,top,out_in_play,force_out,0,False,0.0,0.58,-3.0000000000000027,-6.000000000000005,-1.9999999999999962,4.999999999999999,23844.36,6.570594800148803,1.0000000000000009
SDCHC,1782866154.63,2,bottom,out_in_play,field_out,0,False,0.0,0.6,-2.0000000000000018,14.000000000000002,-1.0000000000000009,10.000000000000004,781.27,0.2152881687540473,1.0000000000000009
SDCHC,1782866317.91,2,bottom,home_run,home_run,1,True,1.0,0.58,10.000000000000009,19.999999999999996,6.0,27.0,1823.6200000000001,0.5025200126758429,1.3333333333333308
SDCHC,1782866468.177,2,bottom,single,single,0,False,0.0,0.68,3.9999999999999925,16.000000000000004,7.9999999999999964,19.000000000000007,1492.81,0.41136141308091867,1.0000000000000009
SDCHC,1782866626.572,2,bottom,walk_hbp,walk,0,False,0.0,0.72,16.000000000000004,-1.0000000000000009,23.0,-2.0000000000000018,11580.51,3.191146199313851,1.0000000000000009
SDCHC,1782866741.235,2,bottom,home_run,home_run,3,True,3.0,0.73,15.000000000000002,-1.0000000000000009,17.000000000000004,-4.0000000000000036,32112.57,8.848997643946594,1.0000000000000009
SDCHC,1782866786.135,2,bottom,single,single,0,False,0.0,0.88,0.0,-4.0000000000000036,0.0,-4.0000000000000036,23208.51,6.3953788285867805,1.0000000000000009
SDCHC,1782866908.217,2,bottom,out_in_play,field_out,0,False,0.0,0.88,-1.0000000000000009,-3.0000000000000027,-2.0000000000000018,1.0000000000000009,2158.91,0.5949131291420382,1.0000000000000009
SDCHC,1782867060.498,2,bottom,strikeout,strikeout,0,False,0.0,0.87,-3.0000000000000027,-7.9999999999999964,-2.0000000000000018,12.0,4838.37,1.3332699541189599,1.0000000000000009
SDCHC,1782867226.391,3,top,xbh,double,0,False,0.0,0.87,3.0000000000000027,9.999999999999998,3.0000000000000027,12.0,5236.29,1.4429215062208076,1.0000000000000009
SDCHC,1782867269.817,3,top,out_in_play,field_out,0,False,0.0,0.84,-3.0000000000000027,10.999999999999998,2.0000000000000018,13.0,2235.82,0.6161065873048678,1.0000000000000009
SDCHC,1782867375.017,3,top,strikeout,strikeout,0,False,0.0,0.84,7.9999999999999964,-1.0000000000000009,8.999999999999996,2.0000000000000018,3129.42,0.8623486132352333,1.0000000000000009
SDCHC,1782867496.934,3,top,home_run,home_run,2,True,2.0,0.79,5.000000000000004,-6.000000000000005,7.9999999999999964,0.0,2173.2,0.5988509072872318,1.0000000000000009
SDCHC,1782867571.512,3,top,single,single,0,False,0.0,0.76,-0.0,-3.0000000000000027,3.0000000000000027,0.0,1891.29,0.5211672797916752,1.0000000000000009
SDCHC,1782867648.781,3,top,walk_hbp,hit_by_pitch,0,False,0.0,0.74,-3.0000000000000027,-0.0,-1.0000000000000009,1.0000000000000009,2994.59,0.8251946155223963,1.0000000000000009
SDCHC,1782867690.275,3,top,out_in_play,field_out,0,False,0.0,0.74,-3.0000000000000027,4.0000000000000036,-1.0000000000000009,-2.0000000000000018,2701.71,0.7444880750630347,1.0000000000000009
SDCHC,1782867884.897,3,bottom,single,single,0,False,0.0,0.77,2.0000000000000018,-6.000000000000005,1.0000000000000009,-4.0000000000000036,3903.23,1.0755810909491725,1.0000000000000009
SDCHC,1782868041.512,3,bottom,strikeout,strikeout,0,False,0.0,0.79,-4.0000000000000036,-6.000000000000005,-3.0000000000000027,-2.0000000000000018,3068.01,0.8454263629975612,1.0000000000000009
SDCHC,1782868105.002,3,bottom,out_in_play,field_out,0,False,0.0,0.77,-2.0000000000000018,-2.0000000000000018,0.0,-4.0000000000000036,3114.8199999999997,0.8583254109315366,1.0000000000000009
SDCHC,1782868289.374,3,bottom,strikeout,strikeout,0,False,0.0,0.75,-2.0000000000000018,5.000000000000004,-4.0000000000000036,-3.9999999999999925,1905.45,0.5250692349026578,1.0000000000000009
SDCHC,1782868527.124,4,top,out_in_play,field_out,0,False,0.0,0.69,-9.000000000000007,2.0000000000000018,-2.9999999999999916,-2.0000000000000018,105608.79000000001,29.101748439631297,1.0000000000000009
SDCHC,1782868600.456,4,top,strikeout,strikeout,0,False,0.0,0.73,-5.000000000000004,2.0000000000000018,-3.9999999999999925,-1.0000000000000009,50231.69,13.841934994970996,1.0000000000000009
SDCHC,1782868654.296,4,top,out_in_play,field_out,0,False,0.0,0.77,-1.0000000000000009,1.0000000000000009,-1.0000000000000009,-1.0000000000000009,40609.340000000004,11.190382893123356,1.0000000000000009
SDCHC,1782868926.596,4,bottom,strikeout,strikeout,0,False,0.0,0.79,-2.0000000000000018,1.0000000000000009,-2.0000000000000018,-5.000000000000004,3623.9900000000002,0.9986332134639496,1.0000000000000009
SDCHC,1782868999.139,4,bottom,out_in_play,field_out,0,False,0.0,0.76,-1.0000000000000009,0.0,0.0,-7.000000000000006,3990.17,1.0995384339822813,1.0000000000000009
SDCHC,1782869114.655,4,bottom,out_in_play,field_out,0,False,0.0,0.77,-3.0000000000000027,2.0000000000000018,-5.000000000000004,-2.0000000000000018,2892.6099999999997,0.7970928229928765,1.0000000000000009
SDCHC,1782869332.223,5,top,out_in_play,field_out,0,False,0.0,0.74,-1.0000000000000009,-6.000000000000005,-2.0000000000000018,-4.999999999999993,16755.73,4.617239146309538,1.0000000000000009
SDCHC,1782869450.265,5,top,single,single,0,False,0.0,0.78,2.0000000000000018,-6.999999999999995,-2.0000000000000018,-4.999999999999993,16790.56,4.62683696386007,2.3333333333333357
SDCHC,1782869581.337,5,top,out_in_play,field_out,0,False,0.0,0.76,-5.000000000000004,-4.999999999999993,-4.999999999999993,3.9999999999999925,14849.560000000001,4.0919715069097125,1.3333333333333344
SDCHC,1782869703.084,5,top,out_in_play,field_out,0,False,0.0,0.79,-3.9999999999999925,-3.0000000000000027,-2.9999999999999916,3.9999999999999925,2601.4300000000003,0.7168547375962744,1.0000000000000009
SDCHC,1782869880.026,5,bottom,out_in_play,field_out,0,False,0.0,0.83,3.0000000000000027,7.9999999999999964,3.9999999999999925,23.00000000000001,7672.48,2.1142424117168876,1.0000000000000009
SDCHC,1782869933.664,5,bottom,home_run,home_run,1,True,1.0,0.83,3.0000000000000027,7.9999999999999964,3.9999999999999925,23.00000000000001,7672.48,2.1142424117168876,1.0000000000000009
SDCHC,1782869975.143,5,bottom,out_in_play,field_out,0,False,0.0,0.86,0.0,7.9999999999999964,1.9999999999999907,22.000000000000007,3004.2799999999997,0.8278648093801236,1.0000000000000009
SDCHC,1782870039.768,5,bottom,single,single,0,False,0.0,0.86,0.0,8.999999999999996,0.0,23.00000000000001,1784.18,0.4916518552198294,1.0000000000000009
SDCHC,1782870327.335,5,bottom,home_run,home_run,2,True,2.0,0.93,1.9999999999999907,-2.9999999999999916,21.000000000000007,0.0,6113.170000000001,1.684556138828036,1.0000000000000009
SDCHC,1782870497.775,5,bottom,strikeout,strikeout,0,False,0.0,0.95,-1.0000000000000009,-5.999999999999995,1.9999999999999907,0.0,25668.469999999998,7.07324983810744,0.9999999999999934
SDCHC,1782870726.294,6,top,single,single,0,False,0.0,0.94,5.999999999999995,-6.999999999999995,1.0000000000000009,1.0000000000000009,5745.32,1.583190730100993,1.0000000000000009
SDCHC,1782870795.284,6,top,single,single,0,False,0.0,0.92,4.0000000000000036,-8.999999999999996,1.9999999999999907,-2.9999999999999916,7902.7,2.177682249686548,1.0000000000000009
SDCHC,1782871064.572,6,top,out_in_play,grounded_into_double_play,0,False,0.0,0.88,-6.999999999999995,-3.0000000000000027,0.0,3.0000000000000027,4514.4,1.2439961972471374,0.9999999999999972
SDCHC,1782871169.652,6,top,out_in_play,field_out,0,False,0.0,0.95,-1.0000000000000009,-2.0000000000000018,-6.999999999999995,9.999999999999998,16008.8,4.411413769823227,1.0000000000000009
SDCHC,1782871370.965,6,bottom,home_run,home_run,1,True,1.0,0.96,2.0000000000000018,-1.0000000000000009,9.999999999999998,0.0,14224.359999999999,3.9196902685349753,1.0000000000000009
SDCHC,1782871467.71,6,bottom,walk_hbp,walk,0,False,0.0,0.98,0.0,0.0,0.0,0.0,1749.87,0.4821973298061422,1.0000000000000009
SDCHC,1782871601.182,6,bottom,out_in_play,field_out,0,False,0.0,0.97,0.0,0.0,0.0,0.0,1258.07,0.34667603576792183,1.0000000000000009
SDCHC,1782871722.28,6,bottom,walk_hbp,walk,0,False,0.0,0.97,1.0000000000000009,0.0,0.0,0.0,2161.98,0.5957591038730211,1.0000000000000009
SDCHC,1782871907.221,6,bottom,out_in_play,field_out,0,False,0.0,0.98,-1.0000000000000009,1.0000000000000009,0.0,0.0,33359.12,9.19249920775982,1.0000000000000009
SDCHC,1782871944.316,6,bottom,out_in_play,field_out,0,False,0.0,0.98,-1.0000000000000009,1.0000000000000009,0.0,0.0,34225.36,9.431201862797778,1.0000000000000009
SDCHC,1782872141.625,7,top,out_in_play,field_out,0,False,0.0,0.97,-1.0000000000000009,-0.0,0.0,0.0,12218.82,3.3670400529078655,1.0000000000000009
SDCHC,1782872207.47,7,top,strikeout,strikeout,0,False,0.0,0.98,-0.0,-0.0,0.0,0.0,12779.71,3.521599911820223,1.0000000000000009
SDCHC,1782872287.048,7,top,single,single,0,False,0.0,0.98,1.0000000000000009,-2.0000000000000018,0.0,0.0,15396.2,4.242604610148941,1.0000000000000009
SDCHC,1782872338.122,7,top,single,single,0,False,0.0,0.98,1.0000000000000009,-2.0000000000000018,0.0,0.0,15396.2,4.242604610148941,1.0000000000000009
SDCHC,1782872497.803,7,top,out_in_play,field_out,0,False,0.0,0.97,-1.0000000000000009,-0.0,0.0,0.0,22164.05,6.10756554926356,1.0000000000000009
SDCHC,1782872735.486,7,bottom,out_in_play,field_out,0,False,0.0,0.99,0.0,-1.0000000000000009,0.0,0.0,9470.0,2.6095702613703686,1.0000000000000009
SDCHC,1782872813.361,7,bottom,single,single,0,False,0.0,0.99,-1.0000000000000009,0.0,0.0,0.0,8170.63,2.2515135231954146,1.0000000000000009
SDCHC,1782872991.008,7,bottom,walk_hbp,walk,0,False,0.0,0.98,1.0000000000000009,-1.0000000000000009,0.0,0.0,2796.38,0.7705755108226897,1.0000000000000009
SDCHC,1782873181.7,7,bottom,out_in_play,field_out,0,False,0.0,0.98,0.0,-8.999999999999996,0.0,0.0,2436.11,0.6712988605519503,1.0000000000000009
SDCHC,1782873244.883,7,bottom,out_in_play,field_out,0,False,0.0,0.98,0.0,-8.999999999999996,0.0,0.0,3743.71,1.031623472354262,1.0000000000000009
SDCHC,1782873423.097,8,top,walk_hbp,walk,0,False,0.0,0.98,1.0000000000000009,9.999999999999998,0.0,0.0,29287.480000000003,8.070510753799308,1.0000000000000009
SDCHC,1782873463.787,8,top,out_in_play,field_out,0,False,0.0,0.98,1.0000000000000009,9.999999999999998,0.0,0.0,29287.480000000003,8.070510753799308,1.0000000000000009
SDCHC,1782873603.394,8,top,single,single,0,False,0.0,0.97,3.9999999999999925,7.000000000000006,0.0,0.0,27000.08,7.440190688766723,0.9999999999999972
SDCHC,1782873674.165,8,top,home_run,home_run,3,True,3.0,0.89,-4.999999999999993,7.9999999999999964,0.0,0.0,38766.03,10.682437068573552,0.9999999999999934
SDCHC,1782873733.099,8,top,out_in_play,field_out,0,False,0.0,0.89,2.0000000000000018,2.0000000000000018,0.0,0.0,40816.490000000005,11.247465520329573,0.9999999999999934
SDCHC,1782873889.482,8,top,home_run,home_run,1,True,1.0,0.94,6.999999999999995,-3.0000000000000027,0.0,0.0,58392.53,16.09075076812852,1.0000000000000009
SDCHC,1782874045.434,8,top,walk_hbp,walk,0,False,0.0,0.87,2.0000000000000018,-7.000000000000006,0.0,0.0,58088.840000000004,16.007065404593614,1.0000000000000009
SDCHC,1782874247.653,8,top,strikeout,strikeout,0,False,0.0,0.85,-6.000000000000005,-2.0000000000000018,0.0,0.0,12958.88,3.5709723198170265,1.0000000000000009
SDCHC,1782874435.971,8,bottom,single,single,0,False,0.0,0.91,-1.0000000000000009,2.0000000000000018,0.0,0.0,137797.07,37.97160886757877,1.0000000000000009
SDCHC,1782874538.232,8,bottom,single,single,0,False,0.0,0.92,1.0000000000000009,-1.0000000000000009,0.0,0.0,58145.31,16.022626379531268,1.3333333333333308
SDCHC,1782874808.792,8,bottom,out_in_play,field_out,0,False,0.0,0.92,0.0,-2.0000000000000018,0.0,0.0,55583.450000000004,15.316675622425219,1.0000000000000009
SDCHC,1782874964.047,8,bottom,out_in_play,field_out,0,False,0.0,0.92,0.0,6.999999999999995,0.0,0.0,7823.920000000001,2.155973490954684,1.0000000000000009
SDCHC,1782875316.346,9,top,out_in_play,field_out,0,False,0.0,0.9,-7.9999999999999964,-1.0000000000000009,0.0,0.0,18474.44,5.090849970377105,1.0000000000000009
SDCHC,1782875379.09,9,top,out_in_play,field_out,0,False,0.0,0.96,-3.0000000000000027,-0.0,0.0,0.0,24689.09,6.80337012083385,1.0000000000000009
SDCHC,1782875580.577,9,top,out_in_play,field_out,0,False,0.0,0.99,-0.0,-0.0,0.0,0.0,3541.45,0.9758883423579822,1.0000000000000009
LAASEA,1782870236.386,1,top,out_in_play,field_out,0,False,0.0,0.65,-0.0,-2.0000000000000018,-1.0000000000000009,0.0,12437.249999999998,0.7230793246317888,1.0000000000000009
LAASEA,1782870359.541,1,top,strikeout,strikeout,0,False,0.0,0.66,-0.0,-2.0000000000000018,1.9999999999999991,-0.9999999999999981,4299.5599999999995,0.2499686780448937,1.0000000000000009
LAASEA,1782870454.614,1,top,single,single,0,False,0.0,0.65,-2.0000000000000018,-1.9999999999999907,0.0,2.0000000000000018,1990.16,0.11570431958103287,1.0000000000000009
LAASEA,1782870524.92,1,top,strikeout,strikeout,0,False,0.0,0.66,-1.0000000000000009,-1.0000000000000009,-3.0,2.0000000000000018,1982.14,0.11523805121917259,1.0000000000000009
LAASEA,1782870731.754,1,bottom,out_in_play,field_out,0,False,0.0,0.68,0.9999999999999898,-2.9999999999999916,2.0000000000000018,-2.0000000000000018,7588.96,0.4412084722472943,0.9999999999999972
LAASEA,1782870767.178,1,bottom,single,single,0,False,0.0,0.68,0.9999999999999898,-2.9999999999999916,2.0000000000000018,-2.0000000000000018,7588.96,0.4412084722472943,0.9999999999999972
LAASEA,1782870969.804,1,bottom,walk_hbp,walk,0,False,0.0,0.68,-1.0000000000000009,-7.000000000000006,-2.0000000000000018,-3.9999999999999996,3371.43,0.19600887072651527,1.0000000000000009
LAASEA,1782871127.334,1,bottom,strikeout,strikeout,0,False,0.0,0.69,-6.999999999999995,-1.0000000000000009,-5.000000000000002,-0.9999999999999996,46266.759999999995,2.689866133888204,1.0000000000000009
LAASEA,1782871240.533,1,bottom,strikeout,strikeout,0,False,0.0,0.66,-3.0000000000000027,2.0000000000000018,-3.9999999999999996,0.9999999999999996,10656.57,0.6195537951308676,1.0000000000000009
LAASEA,1782871433.57,2,top,single,single,0,False,0.0,0.63,2.0000000000000018,-5.000000000000004,0.0,0.0,14955.119999999999,0.8694637535940307,1.0000000000000009
LAASEA,1782871529.578,2,top,out_in_play,field_out,0,False,0.0,0.58,-7.000000000000006,-2.0000000000000018,0.9999999999999996,-1.9999999999999991,16907.760000000002,0.982986727921074,1.0000000000000009
LAASEA,1782871587.629,2,top,out_in_play,field_out,0,False,0.0,0.61,-5.000000000000004,1.0000000000000009,0.9999999999999996,-1.9999999999999991,17103.25,0.9943521645869179,1.0000000000000009
LAASEA,1782871671.754,2,top,strikeout,strikeout,0,False,0.0,0.64,-2.0000000000000018,4.0000000000000036,0.9999999999999996,-1.9999999999999991,19996.91,1.1625843476269004,1.0000000000000009
LAASEA,1782871868.691,2,bottom,strikeout,strikeout,0,False,0.0,0.66,-1.0000000000000009,-3.0000000000000027,-0.9999999999999996,0.0,8298.61,0.4824662456879624,1.0000000000000009
LAASEA,1782871971.092,2,bottom,single,single,0,False,0.0,0.65,-3.0000000000000027,2.0000000000000018,0.0,-1.0000000000000009,5859.83,0.3406799669426196,1.0000000000000009
LAASEA,1782872048.503,2,bottom,strikeout,strikeout,0,False,0.0,0.65,-3.0000000000000027,2.0000000000000018,0.0,-1.0000000000000009,8999.41,0.5232094960609917,1.0000000000000009
LAASEA,1782872198.689,2,bottom,strikeout,strikeout,0,False,0.0,0.63,-1.0000000000000009,2.0000000000000018,0.0,-1.0000000000000009,10450.16,0.607553489323937,1.0000000000000009
LAASEA,1782872358.926,3,top,out_in_play,field_out,0,False,0.0,0.62,-2.0000000000000018,-2.0000000000000018,-1.0000000000000009,0.0,12501.5,0.7268147039646473,1.0000000000000009
LAASEA,1782872648.326,3,top,strikeout,strikeout,0,False,0.0,0.64,-2.0000000000000018,-1.0000000000000009,0.0,0.0,3881.16,0.22564365527652125,1.0000000000000009
LAASEA,1782872801.167,3,top,strikeout,strikeout,0,False,0.0,0.66,-0.0,4.0000000000000036,0.0,-0.9999999999999996,14350.45,0.8343093283613545,1.3333333333333344
LAASEA,1782873146.142,3,bottom,strikeout,strikeout,0,False,0.0,0.67,-6.000000000000005,5.000000000000004,-0.9999999999999996,-1.0000000000000002,21155.559999999998,1.229946172747777,1.666666666666668
LAASEA,1782873178.167,3,bottom,out_in_play,field_out,0,False,0.0,0.67,-6.000000000000005,5.000000000000004,-0.9999999999999996,-1.0000000000000002,21155.559999999998,1.229946172747777,1.666666666666668
LAASEA,1782873223.726,3,bottom,out_in_play,field_out,0,False,0.0,0.63,-2.0000000000000018,5.000000000000004,-1.0000000000000002,0.0,24468.15,1.4225341918019907,1.0000000000000009
LAASEA,1782873365.4,4,top,out_in_play,field_out,0,False,0.0,0.61,-4.0000000000000036,3.0000000000000027,0.0,-1.0000000000000002,49557.42,2.8811791822222688,1.0000000000000009
LAASEA,1782873491.745,4,top,out_in_play,field_out,0,False,0.0,0.63,-3.0000000000000027,6.000000000000005,0.0,-1.0000000000000002,22862.83,1.329203777006284,1.0000000000000009
LAASEA,1782873567.037,4,top,out_in_play,field_out,0,False,0.0,0.65,-0.0,5.000000000000004,0.0,-1.0000000000000002,13861.14,0.8058617258499005,1.0000000000000009
LAASEA,1782873799.793,4,bottom,strikeout,strikeout,0,False,0.0,0.64,-4.0000000000000036,-6.999999999999995,-1.0000000000000002,0.0,21658.84,1.2592059659095038,1.0000000000000009
LAASEA,1782873880.657,4,bottom,out_in_play,field_out,0,False,0.0,0.62,-2.0000000000000018,-13.0,0.0,0.0,30254.059999999998,1.7589165830203317,1.0000000000000009
LAASEA,1782873918.213,4,bottom,out_in_play,field_out,0,False,0.0,0.62,-3.0000000000000027,-4.999999999999993,0.0,0.0,34378.26,1.998690146360011,1.0000000000000009
LAASEA,1782874118.18,5,top,error,field_error,0,False,0.0,0.59,5.999999999999995,-3.9999999999999925,0.0,-0.9999999999999999,75609.48999999999,4.395799631345675,1.0000000000000009
LAASEA,1782874296.047,5,top,walk_hbp,walk,0,False,0.0,0.53,-0.0,-7.9999999999999964,0.0,-0.9999999999999999,213806.95,12.430351163447119,0.999999999999999
LAASEA,1782874361.443,5,top,out_in_play,force_out,0,False,0.0,0.47,-6.000000000000005,-10.999999999999998,0.0,-0.9999999999999999,210746.56,12.252425598365619,1.0000000000000009
LAASEA,1782874517.123,5,top,out_in_play,field_out,0,False,0.0,0.53,-7.9999999999999964,4.999999999999993,-0.9999999999999999,0.0,196522.50999999998,11.42546493845054,0.9999999999999972
LAASEA,1782874603.811,5,top,out_in_play,field_out,0,False,0.0,0.57,-4.0000000000000036,4.0000000000000036,0.0,0.0,155622.66,9.047621290092465,1.0000000000000009
LAASEA,1782874757.556,5,bottom,single,single,0,False,0.0,0.61,-2.0000000000000018,-3.9999999999999925,0.0,0.0,70839.25,4.118466465450357,1.0000000000000009
LAASEA,1782874894.68,5,bottom,out_in_play,field_out,0,False,0.0,0.63,-6.000000000000005,0.0,0.0,0.0,39504.16,2.2967007443724405,1.0000000000000009
LAASEA,1782874971.377,5,bottom,strikeout,strikeout,0,False,0.0,0.59,-2.9999999999999916,1.9999999999999907,0.0,0.0,38655.06,2.2473355989789767,1.0000000000000009
LAASEA,1782875165.112,5,bottom,strikeout,strikeout,0,False,0.0,0.56,0.9999999999999898,6.000000000000005,0.0,-1.0,417042.48,24.24609899947065,1.0000000000000009
LAASEA,1782875392.834,6,top,out_in_play,field_out,0,False,0.0,0.57,-4.0000000000000036,-6.000000000000005,-1.0,0.0,22404.0,1.3025282268226979,1.0000000000000009
LAASEA,1782875491.399,6,top,out_in_play,field_out,0,False,0.0,0.59,-4.0000000000000036,-12.0,-1.0,1.0,41205.86,2.3956345188584334,1.0000000000000009
LAASEA,1782875576.034,6,top,out_in_play,field_out,0,False,0.0,0.61,-2.0000000000000018,-17.000000000000004,0.0,1.0,44511.22,2.5878021987285758,1.0000000000000009
LAASEA,1782875713.332,6,bottom,single,single,0,False,0.0,0.63,12.0,12.0,1.0,0.0,45278.399999999994,2.6324046627998947,1.0000000000000009
LAASEA,1782875858.974,6,bottom,single,single,0,False,0.0,0.67,13.0,6.999999999999995,1.0,0.0,138553.56,8.055254545026436,2.6666666666666687
LAASEA,1782875989.298,6,bottom,single,single,1,True,1.0,0.75,9.999999999999998,4.0000000000000036,0.0,0.0,151167.8,8.788623749629005,2.6666666666666687
LAASEA,1782876342.001,6,bottom,walk_hbp,walk,0,False,0.0,0.87,4.0000000000000036,4.999999999999993,5.0,0.9999999999999996,97712.23,5.680813144116748,1.0000000000000009
LAASEA,1782876496.1,6,bottom,single,single,1,True,1.0,0.91,4.999999999999993,1.0000000000000009,0.9999999999999996,46.0,75811.28,4.4075313386698385,1.0000000000000009
LAASEA,1782876634.698,6,bottom,strikeout,strikeout,0,False,1.0,0.96,0.0,1.0000000000000009,0.0,0.9999999999999996,63093.119999999995,3.668120412350995,1.3333333333333344
LAASEA,1782876793.35,6,bottom,strikeout,strikeout,0,False,0.0,0.96,1.0000000000000009,0.0,46.0,-46.0,38018.13,2.210305635422907,1.3333333333333308
LAASEA,1782876917.205,6,bottom,single,single,2,True,2.0,0.93,3.9999999999999925,-2.0000000000000018,5.0,0.0,53860.42,3.1313478556742447,1.0000000000000009
LAASEA,1782877129.028,6,bottom,strikeout,strikeout,0,False,0.0,0.97,0.0,0.0,-0.9999999999999996,-0.9999999999999996,32034.61,1.8624345545552878,1.0000000000000009
LAASEA,1782877328.252,7,top,single,single,0,False,0.0,0.95,-2.0000000000000018,1.0000000000000009,1.9999999999999991,-3.9999999999999996,13872.859999999999,0.8065431055507736,1.0000000000000009
LAASEA,1782877457.729,7,top,out_in_play,field_out,0,False,0.0,0.96,-2.0000000000000018,5.999999999999995,-3.9999999999999996,8.0,10899.67,0.6336871914860095,1.0000000000000009
LAASEA,1782877683.39,7,top,single,single,0,False,0.0,0.96,-0.0,7.9999999999999964,0.0,11.0,36807.229999999996,2.1399060893659705,1.0000000000000009
LAASEA,1782877889.017,7,top,single,single,1,True,1.0,0.96,2.0000000000000018,9.999999999999998,9.000000000000002,14.000000000000002,50768.49,2.95158861177316,0.9999999999999934
LAASEA,1782878095.732,7,top,walk_hbp,walk,0,False,0.0,0.94,6.999999999999995,-3.0000000000000027,3.9999999999999982,1.0000000000000009,43486.07,2.5282018232720818,1.0000000000000009
LAASEA,1782878249.114,7,top,single,single,2,True,2.0,0.87,2.0000000000000018,-6.000000000000005,10.000000000000004,-2.0000000000000018,59210.49,3.442391293920866,1.0000000000000009
LAASEA,1782878291.536,7,top,out_in_play,force_out,0,False,0.0,0.78,-10.999999999999998,-2.0000000000000018,-9.000000000000002,3.0,44274.66,2.574049026199689,1.0000000000000009
LAASEA,1782878419.959,7,top,out_in_play,field_out,0,False,0.0,0.85,-5.000000000000004,-3.0000000000000027,-7.0000000000000036,9.0,30400.61,1.7674367361912329,1.0000000000000009
LAASEA,1782878586.572,7,bottom,single,single,0,False,0.0,0.9,1.0000000000000009,-1.0000000000000009,1.0000000000000009,-1.9999999999999991,35547.19,2.066649632174145,1.0000000000000009
LAASEA,1782878779.921,7,bottom,strikeout,strikeout,0,False,0.0,0.91,0.0,3.9999999999999925,0.0,16.0,117469.79000000001,6.829482113637507,1.0000000000000009
LAASEA,1782878849.249,7,bottom,xbh,double,0,False,0.0,0.89,1.0000000000000009,7.9999999999999964,3.0,23.0,62244.22,3.6187668945974787,1.0000000000000009
LAASEA,1782878925.628,7,bottom,strikeout,strikeout,0,False,0.0,0.93,-3.0000000000000027,7.9999999999999964,-9.999999999999998,45.0,78773.53,4.579751220829522,1.0000000000000009
LAASEA,1782879147.395,7,bottom,walk_hbp,walk,0,False,0.0,0.9,7.9999999999999964,0.0,24.0,13.999999999999996,83227.83,4.838716203901131,1.3333333333333344
LAASEA,1782879226.733,7,bottom,single,single,2,True,2.0,0.91,6.999999999999995,0.0,42.00000000000001,-8.999999999999996,131976.8,7.672893558549091,1.3333333333333344
LAASEA,1782879309.188,7,bottom,single,single,1,True,1.0,0.98,1.0000000000000009,0.0,13.999999999999996,-8.999999999999996,121203.97999999998,7.046581197699237,1.0000000000000009
LAASEA,1782879473.417,7,bottom,strikeout,strikeout,0,False,0.0,0.99,-1.0000000000000009,1.0000000000000009,-7.000000000000006,-12.999999999999995,57688.07,3.353880535883042,1.0000000000000009
LAASEA,1782879709.631,8,top,walk_hbp,walk,0,False,0.0,0.98,-1.0000000000000009,-0.0,-10.000000000000004,-8.000000000000002,54577.91,3.173061432600821,1.0000000000000009
LAASEA,1782879756.201,8,top,out_in_play,grounded_into_double_play,0,False,0.0,0.98,-1.0000000000000009,-0.0,-15.999999999999998,-20.0,46901.880000000005,2.726790867302757,1.0000000000000009
LAASEA,1782879824.898,8,top,out_in_play,field_out,0,False,0.0,0.99,-0.0,-0.0,-6.0,-20.0,22282.68,1.2954749004310657,1.0000000000000009
LAASEA,1782879997.564,8,bottom,out_in_play,field_out,0,False,0.0,0.99,0.0,0.0,-4.999999999999999,-17.0,22866.09,1.329393307537414,1.0000000000000009
LAASEA,1782880157.595,8,bottom,strikeout,strikeout,0,False,0.0,0.99,0.0,0.0,-17.0,-20.0,6238.65,0.36270387976555185,1.0000000000000009
LAASEA,1782880244.431,8,bottom,single,single,0,False,0.0,0.99,0.0,0.0,-3.0,-21.0,6201.67,0.36055392913941803,1.0000000000000009
LAASEA,1782880436.737,9,top,strikeout,strikeout,0,False,0.0,0.99,-0.0,-0.0,-21.0,0.0,2390.0499999999997,0.13895320427234373,1.0000000000000009
LAASEA,1782880509.72,9,top,out_in_play,field_out,0,False,0.0,0.99,-0.0,-0.0,-8.0,0.0,6107.969999999999,0.3551063798244168,1.0000000000000009
LAASEA,1782880557.036,9,top,out_in_play,field_out,0,False,0.0,0.99,-0.0,-0.0,-8.0,0.0,6107.969999999999,0.3551063798244168,1.0000000000000009
